{
    "textures": [],
    "animations": [{
        "name": "default",
        "fps": 29,
        "tracks": []
    }],
    "geometries": [{
        "data": {
            "uvs": [[0,1,0,0,0.041667,0,0.041667,1,0.083333,0,0.083333,1,0.125,0,0.125,1,0.166667,0,0.166667,1,0.208333,0,0.208333,1,0.25,0,0.25,1,0.291667,0,0.291667,1,0.333333,0,0.333333,1,0.375,0,0.375,1,0.416667,0,0.416667,1,0.458333,0,0.458333,1,0.5,0,0.5,1,0.541667,0,0.541667,1,0.583333,0,0.583333,1,0.625,0,0.625,1,0.666667,0,0.666667,1,0.708333,0,0.708333,1,0.75,0,0.75,1,0.791667,0,0.791667,1,0.833333,0,0.833333,1,0.875,0,0.875,1,0.916667,0,0.916667,1,0.958333,0,0.958333,1,1,0,1,1]],
            "bones": [],
            "normals": [0,-1,0,0,-0.584796,-0.811151,0.190069,-0.709281,-0.678793,0.258827,-0.965911,0,0.366985,-0.635853,-0.678945,0.499863,-0.866085,0,0.519272,-0.519272,-0.678732,0.707083,-0.707083,0,0.635853,-0.366985,-0.678945,0.866085,-0.499863,0,0.709281,-0.190069,-0.678793,0.965911,-0.258827,0,0.734184,0,-0.678915,1,0,0,0.709281,0.190069,-0.678793,0.965911,0.258827,0,0.635853,0.366985,-0.678945,0.866085,0.499863,0,0.519272,0.519272,-0.678732,0.707083,0.707083,0,0.366985,0.635853,-0.678945,0.499863,0.866085,0,0.151402,0.564989,-0.81106,0.258827,0.965911,0,0,0.584796,-0.811151,0,1,0,-0.190069,0.709281,-0.678793,-0.258827,0.965911,0,-0.366985,0.635853,-0.678945,-0.499863,0.866085,0,-0.519272,0.519272,-0.678732,-0.707083,0.707083,0,-0.635853,0.366985,-0.678945,-0.866085,0.499863,0,-0.709281,0.190069,-0.678793,-0.965911,0.258827,0,-0.734184,0,-0.678915,-1,0,0,-0.713614,-0.172216,-0.679006,-0.972076,-0.234626,-0.003265,-0.633564,-0.362438,-0.683493,-0.868709,-0.495224,-0.006012,-0.508469,-0.529618,-0.678884,-0.692526,-0.721366,-0.002655,-0.366985,-0.635853,-0.678945,-0.499863,-0.866085,0,-0.151402,-0.564989,-0.81106,-0.258827,-0.965911,0,0,0,-1],
            "skinWeights": [],
            "influencesPerVertex": 2,
            "animations": [],
            "faces": [43,0,24,25,1,0,0,1,2,3,0,1,2,3,43,1,25,26,2,0,3,2,4,5,3,2,4,5,43,2,26,27,3,0,5,4,6,7,5,4,6,7,43,3,27,28,4,0,7,6,8,9,7,6,8,9,43,4,28,29,5,0,9,8,10,11,9,8,10,11,43,5,29,30,6,0,11,10,12,13,11,10,12,13,43,6,30,31,7,0,13,12,14,15,13,12,14,15,43,7,31,32,8,0,15,14,16,17,15,14,16,17,43,8,32,33,9,0,17,16,18,19,17,16,18,19,43,9,33,34,10,0,19,18,20,21,19,18,20,21,43,10,34,35,11,0,21,20,22,23,21,20,22,23,43,11,35,36,12,0,23,22,24,25,23,22,24,25,43,12,36,37,13,0,25,24,26,27,25,24,26,27,43,13,37,38,14,0,27,26,28,29,27,26,28,29,43,14,38,39,15,0,29,28,30,31,29,28,30,31,43,15,39,40,16,0,31,30,32,33,31,30,32,33,43,16,40,41,17,0,33,32,34,35,33,32,34,35,43,17,41,42,18,0,35,34,36,37,35,34,36,37,43,18,42,43,19,0,37,36,38,39,37,36,38,39,43,19,43,44,20,0,39,38,40,41,39,38,40,41,43,20,44,45,21,0,41,40,42,43,41,40,42,43,43,21,45,46,22,0,43,42,44,45,43,42,44,45,43,22,46,47,23,0,45,44,46,47,45,44,46,47,43,24,0,23,47,0,48,49,47,46,1,0,47,46,42,25,24,48,0,2,1,0,2,1,48,42,26,25,48,0,4,2,0,4,2,48,42,27,26,48,0,6,4,0,6,4,48,42,28,27,48,0,8,6,0,8,6,48,42,29,28,48,0,10,8,0,10,8,48,42,30,29,48,0,12,10,0,12,10,48,42,31,30,48,0,14,12,0,14,12,48,42,32,31,48,0,16,14,0,16,14,48,42,33,32,48,0,18,16,0,18,16,48,42,34,33,48,0,20,18,0,20,18,48,42,35,34,48,0,22,20,0,22,20,48,42,36,35,48,0,24,22,0,24,22,48,42,37,36,48,0,26,24,0,26,24,48,42,38,37,48,0,28,26,0,28,26,48,42,39,38,48,0,30,28,0,30,28,48,42,40,39,48,0,32,30,0,32,30,48,42,41,40,48,0,34,32,0,34,32,48,42,42,41,48,0,36,34,0,36,34,48,42,43,42,48,0,38,36,0,38,36,48,42,44,43,48,0,40,38,0,40,38,48,42,45,44,48,0,42,40,0,42,40,48,42,46,45,48,0,44,42,0,44,42,48,42,47,46,48,0,46,44,0,46,44,48,42,24,47,48,0,48,46,0,1,46,48,42,36,35,48,0,24,22,0,24,22,48,42,24,47,48,0,48,46,0,1,46,48],
            "name": "Cylinder1Geometry",
            "vertices": [0,-0.5,0.5,0.1294,-0.483,0.5,0.25,-0.433,0.5,0.3536,-0.3536,0.5,0.433,-0.25,0.5,0.483,-0.1294,0.5,0.5,0,0.5,0.483,0.1294,0.5,0.433,0.25,0.5,0.3536,0.3536,0.5,0.25,0.433,0.5,0.1294,0.483,0.5,0,0.5,0.5,-0.1294,0.483,0.5,-0.25,0.433,0.5,-0.3536,0.3536,0.5,-0.433,0.25,0.5,-0.483,0.1294,0.5,-0.5,0,0.5,-0.483,-0.1294,0.5,-0.44685,-0.25,0.5,-0.3536,-0.3536,0.5,-0.25,-0.433,0.5,-0.1294,-0.483,0.5,0,-0.5,-0.5,0.1294,-0.483,-0.5,0.25,-0.433,-0.5,0.3536,-0.3536,-0.5,0.433,-0.25,-0.5,0.483,-0.1294,-0.5,0.5,0,-0.5,0.483,0.1294,-0.5,0.433,0.25,-0.5,0.3536,0.3536,-0.5,0.25,0.433,-0.5,0.1294,0.483,-0.5,0,0.5,-0.5,-0.1294,0.483,-0.5,-0.25,0.433,-0.5,-0.3536,0.3536,-0.5,-0.433,0.25,-0.5,-0.483,0.1294,-0.5,-0.5,0,-0.5,-0.483,-0.1294,-0.5,-0.433,-0.25,-0.5,-0.3536,-0.3536,-0.5,-0.25,-0.433,-0.5,-0.1294,-0.483,-0.5,0,0,-0.5],
            "skinIndices": [],
            "morphTargets": [],
            "metadata": {
                "uvs": 1,
                "bones": 0,
                "normals": 49,
                "materials": 1,
                "faces": 50,
                "vertices": 49,
                "generator": "io_three",
                "morphTargets": 0,
                "version": 3
            }
        },
        "uuid": "40FD5415-D3A8-3F56-A419-EBBBA72EC24E",
        "type": "Geometry",
        "materials": [{
            "doubleSided": true,
            "colorEmissive": [0,0,0],
            "DbgColor": 15658734,
            "DbgIndex": 0,
            "opacity": 1,
            "depthTest": true,
            "depthWrite": true,
            "blending": "NormalBlending",
            "colorDiffuse": [0.188235,0.796863,0.690196],
            "wireframe": false,
            "shading": "phong",
            "transparent": false,
            "DbgName": "Physical",
            "specularCoef": 50,
            "colorAmbient": [0.188235,0.796863,0.690196],
            "colorSpecular": [0.5,0.5,0.5],
            "visible": true
        }]
    }],
    "metadata": {
        "generator": "io_three",
        "version": 4.4,
        "type": "Object"
    },
    "materials": [{
        "shininess": 50,
        "color": 3197872,
        "name": "Physical",
        "specular": 8355711,
        "depthTest": true,
        "depthWrite": true,
        "blending": "NormalBlending",
        "vertexColors": false,
        "ambient": 3197872,
        "side": 2,
        "uuid": "BAA12A36-7C84-3F45-BBC9-C98F423700AF",
        "type": "MeshPhongMaterial",
        "emissive": 0
    }],
    "object": {
        "matrix": [1,0,0,0,0,1,0,0,0,0,1,0,0,0,0,1],
        "children": [{
            "name": "Cylinder1",
            "uuid": "FEEF2E2A-85D9-342E-B0A5-3CEBA41E7646",
            "matrix": [-1,0,0,0,0,0,1,0,0,1,0,0,0,0.4408,0,1],
            "visible": true,
            "type": "Mesh",
            "material": "BAA12A36-7C84-3F45-BBC9-C98F423700AF",
            "castShadow": true,
            "receiveShadow": true,
            "geometry": "40FD5415-D3A8-3F56-A419-EBBBA72EC24E"
        }],
        "uuid": "AC8DE3CA-5741-4D65-9BA4-49E0FE630549",
        "type": "Scene"
    },
    "images": []
}